Workbook

Sheet راهنما
A1: بخش | B1: توضیح
A2: هدف فایل | B2: کاتالوگ کامل دوره‌های GeoAI برای ورود به LMS: دسته ← دوره ← فصل ← درس، با سطح، پیش‌نیاز، قیمت و مدت دسترسی.
A3: سلول‌های زرد | B3: ورودی‌های شما هستند: قیمت پایه و ضریب رده‌ها (برگه تنظیمات قیمت)، تخفیف پکیج‌ها، و ستون وضعیت.
A4: قیمت‌ها | B4: قیمت هر دوره با فرمول از «قیمت پایه × ضریب رده» حساب می‌شود. با تغییر قیمت پایه، همه قیمت‌ها و پکیج‌ها به‌روز می‌شوند.
A5: وضعیت | B5: ستون وضعیت در برگه‌های دوره‌ها و درس‌ها منوی کشویی دارد: برنامه‌ریزی، محتوا آماده، ضبط شد، تدوین شد، آپلود شد
A6: نام فایل ویدیو | B6: الگو: F2-CH3-L07.mp4 (کد دوره، فصل، درس). فایل‌های پیوست همین نام را دارند.
A7: فایل‌های دوره F2 | B7: پوشه F2_Python-for-Geospatial: scripts (متن تدریس)، notebooks، exercises، data، environment.yml
A8: ایمپورت به سایت | B8: این فایل با «ایمپورت از اکسل» در بخش دوره‌های ادمین (یا دستور import_catalog) وارد سایت می‌شود. ستون‌های نامک، خلاصه، توضیحات، تصویر و توضیح درس‌ها برای نمایش در سایت‌اند.
A9: دوره‌های منتشرشده | B9: فقط دوره/جلسه‌ای که وضعیتش «محتوا آماده» یا «آپلود شد» باشد منتشر می‌شود؛ بقیه پیش‌نویس می‌مانند. پکیج وقتی منتشر می‌شود که همه دوره‌هایش منتشر باشند.

Sheet تنظیمات قیمت
A1: پارامتر | B1: مقدار | C1: توضیح
A2: قیمت پایه (تومان) | B2: 1500000 | C2: عدد نمونه است؛ با قیمت دلخواه خودتان جایگزین کنید.
A3: ضریب رده پایه | B3: 1 | C3: رده «پایه» = قیمت پایه × این ضریب
A4: ضریب رده متوسط | B4: 1.5
A5: ضریب رده پریمیوم | B5: 2.2
A6: دسترسی دوره پولی (روز) | B6: 365

Sheet دسته‌ها
A1: کد دسته | B1: نام دسته | C1: تعداد دوره | D1: توضیح
A2: C1 | B2: مبانی و پیش‌نیازها | C2: =COUNTIF('دوره‌ها'!C:C,A2) | D2: پایه‌های لازم برای ورود به GeoAI: آشنایی با حوزه، پایتون برای داده مکانی و مبانی سنجش از دور.
A3: C2 | B3: یادگیری ماشین مکانی | C3: =COUNTIF('دوره‌ها'!C:C,A3) | D3: طبقه‌بندی، رگرسیون و تحلیل سری زمانی روی داده‌های مکانی و تصاویر ماهواره‌ای.
A4: C3 | B4: یادگیری عمیق و بینایی ماشین روی تصاویر ماهواره‌ای | C4: =COUNTIF('دوره‌ها'!C:C,A4) | D4: شبکه‌های عمیق مانند U-Net برای قطعه‌بندی و تحلیل تصاویر ماهواره‌ای.
A5: C4 | B5: Google Earth Engine | C5: =COUNTIF('دوره‌ها'!C:C,A5) | D5: پردازش ابری تصاویر ماهواره‌ای در مقیاس بزرگ با Google Earth Engine و geemap.
A6: C5 | B6: مدل‌های پایه و LLM مکانی | C6: =COUNTIF('دوره‌ها'!C:C,A6) | D6: مدل‌های پایه مکانی (SAM، Prithvi، Clay) و ایجنت‌های زبانی روی داده مکانی.
A7: C6 | B7: کاربردهای تخصصی | C7: =COUNTIF('دوره‌ها'!C:C,A7) | D7: پروژه‌های کاربردی GeoAI در کشاورزی، شهر و مدیریت مخاطرات.
A8: C7 | B8: مهندسی داده و استقرار | C8: =COUNTIF('دوره‌ها'!C:C,A8) | D8: استقرار مدل‌ها و ارائه نتایج روی وب با PostGIS، FastAPI و نقشه تحت وب.
A9: C8 | B9: پکیج‌ها و مسیرهای یادگیری | C9: =COUNTA('پکیج‌ها'!A:A)-1

Sheet دوره‌ها
A1: کد | B1: عنوان دوره | C1: دسته | D1: نوع | E1: سطح | F1: پیش‌نیاز | G1: مدت ویدیو (ساعت) | H1: رده قیمت | I1: قیمت (تومان) | J1: دسترسی (روز) | K1: درس رایگان | L1: دوره بعدی پیشنهادی | M1: وضعیت | N1: نامک | O1: خلاصه | P1: توضیحات | Q1: تصویر
A2: F1 | B2: GeoAI چیست؟ نقشه راه یادگیری و بازار کار | C2: C1 | D2: رایگان | E2: مقدماتی | F2: - | G2: 1.5 | H2: - | I2: 0 | J2: نامحدود | K2: همه | L2: B1 | M2: محتوا آماده | N2: f1-what-is-geoai | O2: نقطه شروع مسیر GeoAI: هوش مصنوعی مکانی چیست، چه ابزارهایی دارد، بازار کار چگونه است و برای متخصص شدن از کجا باید شروع کرد. رایگان و بدون پیش‌نیاز. | P2: این دوره کوتاه و رایگان، دروازه ورود شما به دنیای GeoAI (هوش مصنوعی مکانی) است؛ جایی که داده‌های مکانی و تصاویر ماهواره‌ای با یادگیری ماشین و یادگیری عمیق ترکیب می‌شوند. در این دوره یاد می‌گیرید: • GeoAI چیست، چه تاریخچه‌ای دارد و چه فرصت‌هایی در ایران ایجاد کرده است • نقشه راه کامل یادگیری، از دوره‌های رایگان تا دوره‌های تخصصی • اکوسیستم ابزارها و اولین اسکریپت Google Earth Engine • بازار کار: نقش‌ها، صنایع و کارفرمایان • نمونه پروژه‌های واقعی GeoAI و نمایش Dynamic World • مسیر شخصی شما و اولین نقشه با Python مناسب برای دانشجویان و فارغ‌التحصیلان GIS، سنجش از دور، عمران، کشاورزی، جغرافیا و علوم کامپیوتر که می‌خواهند مسیر را درست انتخاب کنند. پیش‌نیاز ندارد. مدت: حدود ۱٫۵ ساعت. | Q2: F1.jpg
A3: F2 | B3: پایتون برای داده‌های مکانی (GeoPandas، Rasterio) | C3: C1 | D3: رایگان | E3: مقدماتی | F3: - | G3: 3.5 | H3: - | I3: 0 | J3: نامحدود | K3: همه | L3: P1، P2 | M3: محتوا آماده | N3: f2-python-for-geospatial | O3: کار با داده‌های مکانی در پایتون از صفر: نصب محیط، فرمت‌ها و سیستم مختصات، GeoPandas برای داده برداری، Rasterio برای رستر و یک پروژه نهایی پایش پوشش گیاهی با Sentinel-2. رایگان. | P3: اگر می‌خواهید وارد GeoAI شوید، اولین مهارت لازم کار روان با داده‌های مکانی در پایتون است. در این دوره رایگان از نصب محیط تا یک پروژه کامل را قدم‌به‌قدم می‌روید. سرفصل‌ها: • راه‌اندازی محیط: Miniconda، Jupyter Lab و Google Colab • مبانی داده مکانی: برداری و رستری، سیستم مختصات (CRS) و کدهای EPSG، فرمت‌ها • داده برداری با GeoPandas: خواندن، تغییر CRS، مساحت و طول، Spatial Join، Buffer و Overlay، نقشه‌سازی • داده رستری با Rasterio: GeoTIFF و باندها، برش با چندضلعی، NDVI، بازنمونه‌گیری • ترکیب برداری و رستری: استخراج مقدار در نقاط و آمار ناحیه‌ای • پروژه نهایی: پایش پوشش گیاهی با Sentinel-2 پیش‌نیاز: آشنایی ابتدایی با پایتون. مدت: حدود ۳٫۵ ساعت. | Q3: F2.jpg
A4: F3 | B4: مبانی سنجش از دور برای هوش مصنوعی | C4: C1 | D4: رایگان | E4: مقدماتی | F4: - | G4: 3 | H4: - | I4: 0 | J4: نامحدود | K4: همه | L4: P2، P3 | M4: محتوا آماده | N4: f3-remote-sensing-for-ai | O4: سنجش از دور از دید متخصص هوش مصنوعی: امواج و رزولوشن‌ها، Sentinel-2 و Landsat، شاخص‌های طیفی، رادار SAR، پیش‌پردازش داده و ساخت اولین Dataset و نقشه کاربری اراضی. رایگان. | P4: مدل‌های هوش مصنوعی فقط به اندازه داده‌هایشان خوب‌اند. این دوره رایگان، سنجش از دور را آن‌طور که برای ساخت داده و مدل لازم است آموزش می‌دهد. سرفصل‌ها: • مبانی امواج و رزولوشن: امواج الکترومغناطیسی، امضای طیفی و چهار رزولوشن • سنجنده‌های اپتیکی: Sentinel-2 و Landsat 8/9 • شاخص‌های طیفی: پوشش گیاهی، آب، ساخته‌شده، خاک، رطوبت و دما • رادار (SAR): Sentinel-1 و ترکیب SAR با اپتیک • پیش‌پردازش برای هوش مصنوعی: تصحیح جوی، ماسک ابر، نرمال‌سازی، تقسیم مکانی داده و Augmentation • پروژه نهایی: ساخت Dataset کاربری اراضی، بررسی کیفیت و طبقه‌بندی با Random Forest مدت: حدود ۳ ساعت. | Q4: F3.jpg
A5: F4 | B5: شروع کار با Google Earth Engine | C5: C4 | D5: رایگان | E5: مقدماتی | F5: F3 | G5: 3 | H5: - | I5: 0 | J5: نامحدود | K5: همه | L5: P3 | M5: برنامه‌ریزی | N5: f4-getting-started-earth-engine | O5: اولین قدم‌ها در Google Earth Engine: محیط کار، مجموعه‌تصاویر و فیلتر، محاسبه شاخص‌ها و خروجی گرفتن از نتایج. رایگان؛ پیش‌نیاز: F3. | P5: Google Earth Engine امکان پردازش ابری آرشیو عظیم تصاویر ماهواره‌ای را بدون نیاز به دانلود داده فراهم می‌کند. این دوره رایگان شما را برای کار با آن آماده می‌کند. در این دوره یاد می‌گیرید: • ساختار داده در Earth Engine: Image، ImageCollection و Feature • فیلتر مکانی و زمانی تصاویر Sentinel-2 و Landsat • محاسبه شاخص‌هایی مانند NDVI و ساخت کامپوزیت • نمایش نقشه و خروجی گرفتن از نتایج پیش‌نیاز: دوره F3. مدت: حدود ۳ ساعت. | Q5: F4.jpg
A6: F5 | B6: مینی‌پروژه: اولین نقشه کاربری اراضی با هوش مصنوعی | C6: C2 | D6: رایگان | E6: مقدماتی | F6: F2 | G6: 1.5 | H6: - | I6: 0 | J6: نامحدود | K6: همه | L6: P2 | M6: برنامه‌ریزی | N6: f5-mini-project-land-cover | O6: یک پروژه کوتاه و کامل: از نمونه‌برداری تا آموزش یک مدل ساده و تولید اولین نقشه کاربری اراضی با هوش مصنوعی. رایگان؛ پیش‌نیاز: F2. | P6: بهترین راه یادگیری، ساختن است. در این مینی‌پروژه رایگان، اولین نقشه کاربری اراضی خود را با هوش مصنوعی می‌سازید و کل چرخه کار GeoAI را یک‌بار تجربه می‌کنید. مراحل پروژه: • آماده‌سازی تصویر و نمونه‌های آموزشی • آموزش یک مدل طبقه‌بندی ساده • تولید و ارزیابی نقشه کاربری اراضی پیش‌نیاز: دوره F2. مدت: حدود ۱٫۵ ساعت. | Q6: F5.jpg
A7: P1 | B7: پایتون مکانی پیشرفته (Xarray، Dask، STAC، COG) | C7: C1 | D7: پولی | E7: متوسط | F7: F2 | G7: 8 | H7: پایه | I7: ='تنظیمات قیمت'!$B$2*'تنظیمات قیمت'!$B$3 | J7: ='تنظیمات قیمت'!$B$6 | K7: فصل ۱ | L7: P7، P11 | M7: برنامه‌ریزی | N7: p1-advanced-geospatial-python | O7: پایتون مکانی در مقیاس حرفه‌ای: آرایه‌های چندبعدی با Xarray، پردازش موازی با Dask، جست‌وجوی داده با STAC و کار بهینه با فرمت COG. | P7: وقتی داده‌ها از چند مگابایت به چند ده گیگابایت می‌رسند، ابزارهای ابتدایی جواب نمی‌دهند. این دوره ابزارهای مقیاس‌پذیر پایتون مکانی را آموزش می‌دهد. در این دوره یاد می‌گیرید: • کار با داده‌های چندبعدی (زمان × باند × مکان) با Xarray • پردازش موازی و خارج از حافظه با Dask • جست‌وجو و دریافت داده از کاتالوگ‌های STAC • استفاده از فرمت Cloud Optimized GeoTIFF (COG) پیش‌نیاز: دوره F2. مدت: حدود ۸ ساعت. | Q7: P1.jpg
A8: P2 | B8: یادگیری ماشین مکانی: طبقه‌بندی و رگرسیون | C8: C2 | D8: پولی | E8: متوسط | F8: F2، F3 | G8: 10 | H8: متوسط | I8: ='تنظیمات قیمت'!$B$2*'تنظیمات قیمت'!$B$4 | J8: ='تنظیمات قیمت'!$B$6 | K8: ۲ درس | L8: P4، P5 | M8: برنامه‌ریزی | N8: p2-spatial-machine-learning | O8: یادگیری ماشین روی داده‌های مکانی: طبقه‌بندی و رگرسیون با scikit-learn، مهندسی ویژگی، اعتبارسنجی مکانی و ارزیابی دقت. | P8: این دوره ستون فقرات GeoAI است: چطور از تصاویر و داده‌های مکانی، مدل‌های طبقه‌بندی و رگرسیون قابل‌اعتماد بسازیم. در این دوره یاد می‌گیرید: • ساخت ماتریس ویژگی از تصاویر و داده‌های برداری • طبقه‌بندی با Random Forest و Gradient Boosting • رگرسیون برای متغیرهای پیوسته • اعتبارسنجی مکانی و ارزیابی صحیح دقت پیش‌نیاز: دوره‌های F2 و F3. مدت: حدود ۱۰ ساعت. | Q8: P2.jpg
A9: P3 | B9: Google Earth Engine پیشرفته با Python و geemap | C9: C4 | D9: پولی | E9: متوسط | F9: F4 | G9: 8 | H9: متوسط | I9: ='تنظیمات قیمت'!$B$2*'تنظیمات قیمت'!$B$4 | J9: ='تنظیمات قیمت'!$B$6 | K9: ۲ درس | L9: P4، P8 | M9: برنامه‌ریزی | N9: p3-advanced-earth-engine-geemap | O9: Google Earth Engine در سطح حرفه‌ای با Python و geemap: Reducerها، کامپوزیت‌های بزرگ‌مقیاس، یادگیری ماشین درون Earth Engine و خروجی‌گیری. | P9: پس از آشنایی با مبانی، این دوره شما را برای پروژه‌های بزرگ‌مقیاس با Earth Engine آماده می‌کند، این بار با Python و geemap. در این دوره یاد می‌گیرید: • Reducerها و تحلیل‌های آماری در مقیاس بزرگ • ساخت کامپوزیت‌ها و مدیریت ابر • طبقه‌بندی و یادگیری ماشین درون Earth Engine • ساخت نقشه‌های تعاملی با geemap و خروجی‌گیری پیش‌نیاز: دوره F4. مدت: حدود ۸ ساعت. | Q9: P3.jpg
A10: P4 | B10: تحلیل سری زمانی و آشکارسازی تغییرات | C10: C2 | D10: پولی | E10: متوسط-پیشرفته | F10: P2 یا P3 | G10: 8 | H10: متوسط | I10: ='تنظیمات قیمت'!$B$2*'تنظیمات قیمت'!$B$4 | J10: ='تنظیمات قیمت'!$B$6 | K10: ۱ درس | L10: P10 | M10: برنامه‌ریزی | N10: p4-time-series-change-detection | O10: تحلیل سری زمانی تصاویر ماهواره‌ای و آشکارسازی تغییرات: روند و فصلیت، مقایسه تصاویر، آستانه‌گذاری و مدل‌های سری زمانی. | P10: زمین دائماً تغییر می‌کند و ماهواره‌ها آن را ثبت می‌کنند. این دوره روش‌های تحلیل این تغییرات را آموزش می‌دهد. در این دوره یاد می‌گیرید: • ساخت و پاک‌سازی سری زمانی تصاویر • تحلیل روند و فصلیت • روش‌های آشکارسازی تغییر • ارزیابی و گزارش تغییرات پیش‌نیاز: دوره P2 یا P3. مدت: حدود ۸ ساعت. | Q10: P4.jpg
A11: P5 | B11: یادگیری عمیق برای تصاویر ماهواره‌ای (U-Net، TorchGeo) | C11: C3 | D11: پولی | E11: پیشرفته | F11: P2 | G11: 14 | H11: پریمیوم | I11: ='تنظیمات قیمت'!$B$2*'تنظیمات قیمت'!$B$5 | J11: ='تنظیمات قیمت'!$B$6 | K11: فصل ۱ | L11: P6، P9 | M11: برنامه‌ریزی | N11: p5-deep-learning-satellite-imagery | O11: یادگیری عمیق برای تصاویر ماهواره‌ای: ساخت Dataset تایل‌بندی‌شده، آموزش U-Net با PyTorch و TorchGeo، ارزیابی با IoU و استنتاج روی تصاویر بزرگ. | P11: این دوره پرمحتواترین دوره مسیر GeoAI است: از داده تا مدل عمیق قطعه‌بندی روی تصاویر ماهواره‌ای. در این دوره یاد می‌گیرید: • تایل‌بندی تصاویر و ساخت Dataset با TorchGeo • معماری U-Net و آموزش آن با PyTorch • Augmentation و تنظیم فراپارامترها • ارزیابی با IoU و استنتاج روی تصاویر بزرگ پیش‌نیاز: دوره P2. مدت: حدود ۱۴ ساعت. | Q11: P5.jpg
A12: P6 | B12: مدل‌های پایه مکانی (SAM/samgeo، Prithvi، Clay) | C12: C5 | D12: پولی | E12: پیشرفته | F12: P5 | G12: 8 | H12: پریمیوم | I12: ='تنظیمات قیمت'!$B$2*'تنظیمات قیمت'!$B$5 | J12: ='تنظیمات قیمت'!$B$6 | K12: ۱ درس | L12: P9 | M12: برنامه‌ریزی | N12: p6-geospatial-foundation-models | O12: مدل‌های پایه مکانی: قطعه‌بندی با SAM/samgeo، استفاده از Prithvi و Clay و تنظیم دقیق آن‌ها برای وظایف مکانی. | P12: مدل‌های پایه، روش ساخت پروژه‌های GeoAI را دگرگون کرده‌اند: به‌جای آموزش از صفر، از مدل‌های از پیش آموزش‌دیده استفاده می‌کنیم. در این دوره یاد می‌گیرید: • قطعه‌بندی تعاملی و خودکار با SAM و samgeo • آشنایی با Prithvi و Clay و استخراج embedding • تنظیم دقیق مدل‌های پایه برای وظیفه خودتان پیش‌نیاز: دوره P5. مدت: حدود ۸ ساعت. | Q12: P6.jpg
A13: P7 | B13: LLM و ایجنت‌های مکانی (RAG، Text-to-SQL روی PostGIS) | C13: C5 | D13: پولی | E13: پیشرفته | F13: P1 | G13: 10 | H13: پریمیوم | I13: ='تنظیمات قیمت'!$B$2*'تنظیمات قیمت'!$B$5 | J13: ='تنظیمات قیمت'!$B$6 | K13: ۲ درس | L13: P11 | M13: برنامه‌ریزی | N13: p7-llm-spatial-agents | O13: LLM و ایجنت‌های مکانی: RAG روی اسناد مکانی، تبدیل پرسش فارسی/انگلیسی به SQL روی PostGIS (Text-to-SQL) و ساخت ایجنت‌هایی که با نقشه کار می‌کنند. | P13: مدل‌های زبانی بزرگ می‌توانند به داده مکانی «گوش بدهند و جواب بدهند». این دوره ساخت چنین سیستم‌هایی را آموزش می‌دهد. در این دوره یاد می‌گیرید: • RAG روی اسناد و داده‌های مکانی • Text-to-SQL روی پایگاه‌داده PostGIS • ساخت ایجنت با ابزارهای مکانی • ارزیابی و ایمن‌سازی پاسخ‌ها پیش‌نیاز: دوره P1. مدت: حدود ۱۰ ساعت. | Q13: P7.jpg
A14: P8 | B14: پروژه کشاورزی دقیق: پایش و برآورد محصول | C14: C6 | D14: پولی | E14: متوسط-پیشرفته | F14: P2، P3 | G14: 6 | H14: متوسط | I14: ='تنظیمات قیمت'!$B$2*'تنظیمات قیمت'!$B$4 | J14: ='تنظیمات قیمت'!$B$6 | K14: ۱ درس | L14: - | M14: برنامه‌ریزی | N14: p8-precision-agriculture-project | O14: پروژه کشاورزی دقیق: پایش پوشش گیاهی در طول فصل رشد و برآورد محصول با داده ماهواره‌ای و یادگیری ماشین. | P14: یک پروژه کاربردی کامل در حوزه کشاورزی: از جمع‌آوری داده تا پایش مزرعه و برآورد عملکرد محصول. در این پروژه: • داده ماهواره‌ای و شاخص‌های گیاهی فصل رشد را آماده می‌کنید • وضعیت مزرعه را پایش می‌کنید • مدل برآورد محصول می‌سازید و ارزیابی می‌کنید پیش‌نیاز: دوره‌های P2 و P3. مدت: حدود ۶ ساعت. | Q14: P8.jpg
A15: P9 | B15: پروژه شهری: استخراج ساختمان و راه | C15: C6 | D15: پولی | E15: پیشرفته | F15: P5 | G15: 6 | H15: متوسط | I15: ='تنظیمات قیمت'!$B$2*'تنظیمات قیمت'!$B$4 | J15: ='تنظیمات قیمت'!$B$6 | K15: ۱ درس | L15: - | M15: برنامه‌ریزی | N15: p9-urban-building-road-extraction | O15: پروژه شهری: استخراج ساختمان و راه از تصاویر ماهواره‌ای با یادگیری عمیق و تبدیل خروجی به لایه‌های برداری. | P15: پروژه‌ای کاربردی برای نقشه‌برداری شهری با هوش مصنوعی: از تصویر تا لایه برداری ساختمان‌ها و راه‌ها. در این پروژه: • داده و برچسب ساختمان/راه را آماده می‌کنید • مدل قطعه‌بندی آموزش می‌دهید • خروجی را به چندضلعی و خط برداری تبدیل و ارزیابی می‌کنید پیش‌نیاز: دوره P5. مدت: حدود ۶ ساعت. | Q15: P9.jpg
A16: P10 | B16: پروژه مخاطرات: سیل، آتش‌سوزی، خشکسالی | C16: C6 | D16: پولی | E16: متوسط-پیشرفته | F16: P3، P4 | G16: 6 | H16: متوسط | I16: ='تنظیمات قیمت'!$B$2*'تنظیمات قیمت'!$B$4 | J16: ='تنظیمات قیمت'!$B$6 | K16: ۱ درس | L16: - | M16: برنامه‌ریزی | N16: p10-hazards-flood-fire-drought | O16: پروژه مخاطرات: پایش و نقشه‌سازی سیل، آتش‌سوزی و خشکسالی با تصاویر اپتیک و رادار. | P16: سه سناریوی واقعی مدیریت بحران با داده ماهواره‌ای: سیل، آتش‌سوزی و خشکسالی. در این پروژه: • پهنه سیلاب را با داده رادار و اپتیک استخراج می‌کنید • محدوده و شدت آتش‌سوزی را برآورد می‌کنید • شاخص‌های خشکسالی را در طول زمان پایش می‌کنید پیش‌نیاز: دوره‌های P3 و P4. مدت: حدود ۶ ساعت. | Q16: P10.jpg
A17: P11 | B17: استقرار مدل GeoAI: PostGIS، FastAPI، نقشه وب | C17: C7 | D17: پولی | E17: پیشرفته | F17: P1 | G17: 8 | H17: متوسط | I17: ='تنظیمات قیمت'!$B$2*'تنظیمات قیمت'!$B$4 | J17: ='تنظیمات قیمت'!$B$6 | K17: ۱ درس | L17: - | M17: برنامه‌ریزی | N17: p11-geoai-deployment | O17: استقرار مدل GeoAI: ذخیره نتایج در PostGIS، ساخت API با FastAPI و ارائه نقشه وب برای کاربر نهایی. | P17: مدل خوب وقتی ارزش دارد که کسی بتواند از آن استفاده کند. این دوره مسیر تبدیل یک مدل GeoAI به یک سرویس وب را آموزش می‌دهد. در این دوره یاد می‌گیرید: • طراحی پایگاه‌داده مکانی با PostGIS • ساخت API با FastAPI • ارائه نقشه وب و استقرار سرویس پیش‌نیاز: دوره P1. مدت: حدود ۸ ساعت. | Q17: P11.jpg
B18: جمع | G18: =SUM(G2:G17)

Sheet پکیج‌ها
A1: کد | B1: نام پکیج | C1: دوره‌ها | D1: تعداد دوره | E1: جمع قیمت تکی (تومان) | F1: تخفیف | G1: قیمت پکیج (تومان) | H1: صرفه‌جویی خریدار (تومان) | I1: دسترسی | J1: نامک | K1: خلاصه | L1: توضیحات | M1: تصویر
A2: B1 | B2: مسیر تحلیلگر GeoAI | C2: P1، P2، P3، P4 | D2: 4 | E2: =INDEX('دوره‌ها'!$I:$I,MATCH("P1",'دوره‌ها'!$A:$A,0))+INDEX('دوره‌ها'!$I:$I,MATCH("P2",'دوره‌ها'!$A:$A,0))+INDEX('دوره‌ها'!$I:$I,MATCH("P3",'دوره‌ها'!$A:$A,0))+INDEX('دوره‌ها'!$I:$I,MATCH("P4",'دوره‌ها'!$A:$A,0)) | F2: 0.3 | G2: =E2*(1-F2) | H2: =E2-G2 | I2: مادام‌العمر | J2: b1-analyst-path | K2: چهار دوره تخصصی برای تبدیل شدن به تحلیلگر GeoAI: پایتون مکانی پیشرفته، یادگیری ماشین مکانی، Earth Engine پیشرفته و تحلیل سری زمانی. با تخفیف ویژه نسبت به خرید جداگانه. | L2: این پکیج مسیر کامل تحلیلگر GeoAI است؛ کسی که می‌تواند داده‌های مکانی را در مقیاس بزرگ پردازش کند، مدل یادگیری ماشین بسازد و تغییرات زمین را در طول زمان تحلیل کند. دوره‌های پکیج: پایتون مکانی پیشرفته، یادگیری ماشین مکانی، Google Earth Engine پیشرفته و تحلیل سری زمانی و آشکارسازی تغییرات. با خرید پکیج، دسترسی مادام‌العمر به همه دوره‌ها خواهید داشت و نسبت به خرید جداگانه صرفه‌جویی می‌کنید. | M2: B1.jpg
A3: B2 | B3: مسیر متخصص یادگیری عمیق مکانی | C3: P5، P6، P9 | D3: 3 | E3: =INDEX('دوره‌ها'!$I:$I,MATCH("P5",'دوره‌ها'!$A:$A,0))+INDEX('دوره‌ها'!$I:$I,MATCH("P6",'دوره‌ها'!$A:$A,0))+INDEX('دوره‌ها'!$I:$I,MATCH("P9",'دوره‌ها'!$A:$A,0)) | F3: 0.25 | G3: =E3*(1-F3) | H3: =E3-G3 | I3: مادام‌العمر | J3: b2-deep-learning-path | K3: مسیر متخصص یادگیری عمیق مکانی: یادگیری عمیق برای تصاویر ماهواره‌ای، مدل‌های پایه مکانی و پروژه استخراج ساختمان و راه. با تخفیف ویژه. | L3: برای کسانی که می‌خواهند در یادگیری عمیق روی تصاویر ماهواره‌ای تخصص پیدا کنند: از U-Net تا مدل‌های پایه و یک پروژه شهری واقعی. دوره‌های پکیج: یادگیری عمیق برای تصاویر ماهواره‌ای، مدل‌های پایه مکانی و پروژه شهری (استخراج ساختمان و راه). با خرید پکیج، دسترسی مادام‌العمر به همه دوره‌ها خواهید داشت و نسبت به خرید جداگانه صرفه‌جویی می‌کنید. | M3: B2.jpg
A4: B3 | B4: مسیر GeoAI مولد و ایجنت‌ها | C4: P1، P7، P11 | D4: 3 | E4: =INDEX('دوره‌ها'!$I:$I,MATCH("P1",'دوره‌ها'!$A:$A,0))+INDEX('دوره‌ها'!$I:$I,MATCH("P7",'دوره‌ها'!$A:$A,0))+INDEX('دوره‌ها'!$I:$I,MATCH("P11",'دوره‌ها'!$A:$A,0)) | F4: 0.25 | G4: =E4*(1-F4) | H4: =E4-G4 | I4: مادام‌العمر | J4: b3-generative-agents-path | K4: مسیر GeoAI مولد و ایجنت‌ها: پایتون مکانی پیشرفته، LLM و ایجنت‌های مکانی و استقرار مدل روی وب. با تخفیف ویژه. | L4: مسیر ساخت محصولات GeoAI مبتنی بر مدل‌های زبانی: از زیرساخت داده مکانی تا ایجنت و استقرار سرویس. دوره‌های پکیج: پایتون مکانی پیشرفته، LLM و ایجنت‌های مکانی و استقرار مدل GeoAI. با خرید پکیج، دسترسی مادام‌العمر به همه دوره‌ها خواهید داشت و نسبت به خرید جداگانه صرفه‌جویی می‌کنید. | M4: B3.jpg
A5: B4 | B5: پکیج جامع | C5: P1، P2، P3، P4، P5، P6، P7، P8، P9، P10، P11 | D5: 11 | E5: =INDEX('دوره‌ها'!$I:$I,MATCH("P1",'دوره‌ها'!$A:$A,0))+INDEX('دوره‌ها'!$I:$I,MATCH("P2",'دوره‌ها'!$A:$A,0))+INDEX('دوره‌ها'!$I:$I,MATCH("P3",'دوره‌ها'!$A:$A,0))+INDEX('دوره‌ها'!$I:$I,MATCH("P4",'دوره‌ها'!$A:$A,0))+INDEX('دوره‌ها'!$I:$I,MATCH("P5",'دوره‌ها'!$A:$A,0))+INDEX('دوره‌ها'!$I:$I,MATCH("P6",'دوره‌ها'!$A:$A,0))+INDEX('دوره‌ها'!$I:$I,MATCH("P7",'دوره‌ها'!$A:$A,0))+INDEX('دوره‌ها'!$I:$I,MATCH("P8",'دوره‌ها'!$A:$A,0))+INDEX('دوره‌ها'!$I:$I,MATCH("P9",'دوره‌ها'!$A:$A,0))+INDEX('دوره‌ها'!$I:$I,MATCH("P10",'دوره‌ها'!$A:$A,0))+INDEX('دوره‌ها'!$I:$I,MATCH("P11",'دوره‌ها'!$A:$A,0)) | F5: 0.4 | G5: =E5*(1-F5) | H5: =E5-G5 | I5: مادام‌العمر | J5: b4-complete-bundle | K5: پکیج جامع: همه یازده دوره تخصصی GeoAI در یک خرید، با بیشترین تخفیف. | L5: کامل‌ترین مسیر یادگیری GeoAI در یک خرید: از پایتون مکانی و یادگیری ماشین تا یادگیری عمیق، مدل‌های پایه، ایجنت‌های مکانی، پروژه‌های کاربردی و استقرار. شامل همه دوره‌های تخصصی P1 تا P11 با دسترسی مادام‌العمر و بیشترین صرفه‌جویی نسبت به خرید جداگانه. | M5: B4.jpg

Sheet درس‌های F2
A1: دوره | B1: شماره فصل | C1: فصل | D1: کد درس | E1: عنوان درس | F1: مدت (دقیقه) | G1: رایگان | H1: نام فایل ویدیو | I1: فایل‌های پیوست | J1: وضعیت | K1: توضیح
A2: F2 | B2: 1 | C2: راه‌اندازی محیط | D2: L01 | E2: معرفی دوره و پروژه نهایی | F2: 6 | G2: بله | H2: F2-CH1-L01.mp4 | I2: scripts/F2-CH1-L01.md F2_Course.html#/L01/1 | J2: محتوا آماده | K2: معرفی ساختار دوره، ابزارهای لازم و پروژه نهایی پایش پوشش گیاهی.
A3: F2 | B3: 1 | C3: راه‌اندازی محیط | D3: L02 | E3: نصب Miniconda و ساخت محیط geo | F3: 10 | G3: بله | H3: F2-CH1-L02.mp4 | I3: scripts/F2-CH1-L02.md notebooks/F2-CH1-L02.ipynb environment.yml F2_Course.html#/L02/1 | J3: محتوا آماده | K3: نصب Miniconda و ساخت محیط geo با فایل environment.yml تا همه کتابخانه‌ها آماده باشند.
A4: F2 | B4: 1 | C4: راه‌اندازی محیط | D4: L03 | E4: کار با Jupyter Lab و Google Colab | F4: 8 | G4: بله | H4: F2-CH1-L03.mp4 | I4: scripts/F2-CH1-L03.md notebooks/F2-CH1-L03.ipynb F2_Course.html#/L03/1 | J4: محتوا آماده | K4: کار با Jupyter Lab روی کامپیوتر و Google Colab در مرورگر و انتخاب بین این دو.
A5: F2 | B5: 2 | C5: مبانی داده مکانی | D5: L04 | E5: داده برداری و رستری | F5: 10 | G5: بله | H5: F2-CH2-L04.mp4 | I5: scripts/F2-CH2-L04.md notebooks/F2-CH2-L04.ipynb F2_Course.html#/L04/1 | J5: محتوا آماده | K5: تفاوت داده برداری (نقطه، خط، چندضلعی) و رستری (شبکه پیکسلی) و کاربرد هرکدام.
A6: F2 | B6: 2 | C6: مبانی داده مکانی | D6: L05 | E6: سیستم مختصات، CRS و کد EPSG | F6: 12 | G6: بله | H6: F2-CH2-L05.mp4 | I6: scripts/F2-CH2-L05.md notebooks/F2-CH2-L05.ipynb F2_Course.html#/L05/1 | J6: محتوا آماده | K6: سیستم مختصات، تبدیل آن و کدهای EPSG؛ منشأ رایج‌ترین خطاها در کار با داده مکانی.
A7: F2 | B7: 2 | C7: مبانی داده مکانی | D7: L06 | E7: فرمت‌ها: GeoJSON، GeoPackage، Shapefile، GeoTIFF | F7: 8 | G7: بله | H7: F2-CH2-L06.mp4 | I7: scripts/F2-CH2-L06.md notebooks/F2-CH2-L06.ipynb F2_Course.html#/L06/1 | J7: محتوا آماده | K7: آشنایی با GeoJSON، GeoPackage، Shapefile و GeoTIFF و انتخاب فرمت مناسب.
A8: F2 | B8: 3 | C8: داده برداری با GeoPandas | D8: L07 | E8: خواندن و کاوش GeoDataFrame | F8: 12 | G8: بله | H8: F2-CH3-L07.mp4 | I8: scripts/F2-CH3-L07.md notebooks/F2-CH3-L07.ipynb F2_Course.html#/L07/1 | J8: محتوا آماده | K8: خواندن فایل‌های برداری با GeoPandas و کاوش ساختار و ویژگی‌های GeoDataFrame.
A9: F2 | B9: 3 | C9: داده برداری با GeoPandas | D9: L08 | E9: تغییر CRS، مساحت و طول | F9: 12 | G9: بله | H9: F2-CH3-L08.mp4 | I9: scripts/F2-CH3-L08.md notebooks/F2-CH3-L08.ipynb F2_Course.html#/L08/1 | J9: محتوا آماده | K9: تغییر سیستم مختصات و محاسبه درست مساحت و طول.
A10: F2 | B10: 3 | C10: داده برداری با GeoPandas | D10: L09 | E10: انتخاب مکانی و Spatial Join | F10: 14 | G10: بله | H10: F2-CH3-L09.mp4 | I10: scripts/F2-CH3-L09.md notebooks/F2-CH3-L09.ipynb F2_Course.html#/L09/1 | J10: محتوا آماده | K10: انتخاب عوارض بر اساس رابطه مکانی و پیوند جدول‌ها با Spatial Join.
A11: F2 | B11: 3 | C11: داده برداری با GeoPandas | D11: L10 | E11: Buffer، Overlay و Dissolve | F11: 14 | G11: بله | H11: F2-CH3-L10.mp4 | I11: scripts/F2-CH3-L10.md notebooks/F2-CH3-L10.ipynb F2_Course.html#/L10/1 | J11: محتوا آماده | K11: عملیات هندسی پرکاربرد: Buffer، Overlay و Dissolve.
A12: F2 | B12: 3 | C12: داده برداری با GeoPandas | D12: L11 | E12: نقشه ایستا و تعاملی | F12: 12 | G12: بله | H12: F2-CH3-L11.mp4 | I12: scripts/F2-CH3-L11.md notebooks/F2-CH3-L11.ipynb exercises/F2-CH3_exercise.ipynb F2_Course.html#/L11/1 | J12: محتوا آماده | K12: ساخت نقشه ایستا و تعاملی از GeoDataFrame.
A13: F2 | B13: 4 | C13: داده رستری با Rasterio | D13: L12 | E13: خواندن GeoTIFF، متادیتا و باندها | F13: 12 | G13: بله | H13: F2-CH4-L12.mp4 | I13: scripts/F2-CH4-L12.md notebooks/F2-CH4-L12.ipynb F2_Course.html#/L12/1 | J13: محتوا آماده | K13: خواندن GeoTIFF با Rasterio، متادیتا و باندها.
... A20: F2 | B20: 6 | C20: پروژه نهایی | D20: L19 | E20: جمع‌بندی و مسیر بعدی | F20: 5 | G20: بله | H20: F2-CH6-L19.mp4 | I20: scripts/F2-CH6-L19.md F2_Course.html#/L19/1 | J20: محتوا آماده | K20: مرور آموخته‌ها و معرفی مسیر بعدی یادگیری.
E21: جمع (دقیقه) | F21: =SUM(F2:F20)

Sheet درس‌های F3
A1: دوره | B1: شماره فصل | C1: فصل | D1: کد درس | E1: عنوان درس | F1: مدت (دقیقه) | G1: رایگان | H1: نام فایل ویدیو | I1: فایل‌های پیوست | J1: وضعیت | K1: توضیح
A2: F3 | B2: 1 | C2: مبانی امواج و رزولوشن | D2: L01 | E2: معرفی دوره و نقش سنجش از دور در هوش مصنوعی | F2: 6 | G2: بله | H2: F3-CH1-L01.mp4 | I2: scripts/F3-CH1-L01.md F3_Course.html#/L01/1 | J2: محتوا آماده | K2: چرا تصاویر ماهواره‌ای سوخت اصلی GeoAI هستند و این دوره چه مسیری را طی می‌کند.
A3: F3 | B3: 1 | C3: مبانی امواج و رزولوشن | D3: L02 | E3: امواج الکترومغناطیسی و امضای طیفی | F3: 12 | G3: بله | H3: F3-CH1-L02.mp4 | I3: scripts/F3-CH1-L02.md notebooks/F3-CH1-L02.ipynb F3_Course.html#/L02/1 | J3: محتوا آماده | K3: امواج الکترومغناطیسی و امضای طیفی پوشش‌های مختلف زمین.
A4: F3 | B4: 1 | C4: مبانی امواج و رزولوشن | D4: L03 | E4: چهار رزولوشن: مکانی، طیفی، زمانی، رادیومتری | F4: 10 | G4: بله | H4: F3-CH1-L03.mp4 | I4: scripts/F3-CH1-L03.md notebooks/F3-CH1-L03.ipynb F3_Course.html#/L03/1 | J4: محتوا آماده | K4: رزولوشن مکانی، طیفی، زمانی و رادیومتری و اثر هرکدام بر انتخاب داده.
A5: F3 | B5: 2 | C5: سنجنده‌های اپتیکی | D5: L04 | E5: Sentinel-2: باندها، سطح پردازش و دریافت داده | F5: 14 | G5: بله | H5: F3-CH2-L04.mp4 | I5: scripts/F3-CH2-L04.md notebooks/F3-CH2-L04.ipynb F3_Course.html#/L04/1 | J5: محتوا آماده | K5: باندها، سطوح پردازش و روش دریافت داده Sentinel-2.
A6: F3 | B6: 2 | C6: سنجنده‌های اپتیکی | D6: L05 | E6: خواندن و نمایش تصویر Sentinel-2 با Python | F6: 14 | G6: بله | H6: F3-CH2-L05.mp4 | I6: scripts/F3-CH2-L05.md notebooks/F3-CH2-L05.ipynb F3_Course.html#/L05/1 | J6: محتوا آماده | K6: خواندن و نمایش ترکیب‌های رنگی تصویر Sentinel-2 با Python.
A7: F3 | B7: 2 | C7: سنجنده‌های اپتیکی | D7: L06 | E7: Landsat 8/9 و مقایسه سنجنده‌ها | F7: 12 | G7: بله | H7: F3-CH2-L06.mp4 | I7: scripts/F3-CH2-L06.md notebooks/F3-CH2-L06.ipynb resources/F3-L06_landsat9.js F3_Course.html#/L06/1 | J7: محتوا آماده | K7: ویژگی‌های Landsat 8 و 9 و مقایسه آن با Sentinel-2.
A8: F3 | B8: 3 | C8: شاخص‌های طیفی | D8: L07 | E8: NDVI و شاخص‌های پوشش گیاهی | F8: 14 | G8: بله | H8: F3-CH3-L07.mp4 | I8: scripts/F3-CH3-L07.md notebooks/F3-CH3-L07.ipynb F3_Course.html#/L07/1 | J8: محتوا آماده | K8: NDVI و شاخص‌های پوشش گیاهی و تفسیر آن‌ها.
A9: F3 | B9: 3 | C9: شاخص‌های طیفی | D9: L08 | E9: شاخص‌های آب، ساخته‌شده و خاک | F9: 14 | G9: بله | H9: F3-CH3-L08.mp4 | I9: scripts/F3-CH3-L08.md notebooks/F3-CH3-L08.ipynb F3_Course.html#/L08/1 | J9: محتوا آماده | K9: شاخص‌های آب، مناطق ساخته‌شده و خاک و کاربرد آن‌ها.
A10: F3 | B10: 3 | C10: شاخص‌های طیفی | D10: L09 | E10: رطوبت، دما و ساخت Feature Stack | F10: 12 | G10: بله | H10: F3-CH3-L09.mp4 | I10: scripts/F3-CH3-L09.md notebooks/F3-CH3-L09.ipynb resources/F3-L09_landsat_lst.js exercises/F3-CH3_exercise.ipynb (و پاسخ) F3_Course.html#/L09/1 | J10: محتوا آماده | K10: شاخص رطوبت، دمای سطح زمین و ساخت Feature Stack به‌عنوان ورودی مدل.
A11: F3 | B11: 4 | C11: رادار (SAR) | D11: L10 | E11: مبانی SAR و Sentinel-1 | F11: 14 | G11: بله | H11: F3-CH4-L10.mp4 | I11: scripts/F3-CH4-L10.md notebooks/F3-CH4-L10.ipynb resources/F3-L10_sentinel1.js F3_Course.html#/L10/1 | J11: محتوا آماده | K11: مبانی رادار (SAR) و داده Sentinel-1.
A12: F3 | B12: 4 | C12: رادار (SAR) | D12: L11 | E12: ترکیب SAR و اپتیک برای هوش مصنوعی | F12: 12 | G12: بله | H12: F3-CH4-L11.mp4 | I12: scripts/F3-CH4-L11.md notebooks/F3-CH4-L11.ipynb resources/F3-L11_s1_s2_stack.js F3_Course.html#/L11/1 | J12: محتوا آماده | K12: ترکیب داده رادار و اپتیک به‌عنوان ورودی مدل‌های هوش مصنوعی.
A13: F3 | B13: 5 | C13: پیش‌پردازش برای هوش مصنوعی | D13: L12 | E13: تصحیح جوی و ماسک ابر | F13: 12 | G13: بله | H13: F3-CH5-L12.mp4 | I13: scripts/F3-CH5-L12.md notebooks/F3-CH5-L12.ipynb F3_Course.html#/L12/1 | J13: محتوا آماده | K13: تصحیح جوی و ماسک ابر و سایه.
... A19: F3 | B19: 6 | C19: پروژه نهایی | D19: L18 | E19: جمع‌بندی دوره و مسیر بعدی | F19: 8 | G19: بله | H19: F3-CH6-L18.mp4 | I19: scripts/F3-CH6-L18.md F3_Course.html#/L18/1 | J19: محتوا آماده | K19: جمع‌بندی دوره و مسیر بعدی یادگیری.
E20: جمع (دقیقه) | F20: =SUM(F2:F19)

Sheet درس‌های F1
A1: شماره | B1: فصل | C1: عنوان درس | D1: نوع | E1: مدت (دقیقه) | F1: وضعیت | G1: یادداشت | H1: توضیح
A2: L01 | B2: آشنایی با GeoAI و نقشه راه | C2: GeoAI چیست؟ تعریف، تاریخچه، فرصت ایران | D2: ارائه HTML | E2: 12 | F2: آماده | G2: F1_Course.html#/L01/1 | H2: تعریف GeoAI، مسیر شکل‌گیری آن و فرصت‌هایی که این حوزه در ایران دارد.
A3: L02 | B3: آشنایی با GeoAI و نقشه راه | C3: نقشه راه کامل یادگیری (F1–P11) | D3: ارائه HTML | E3: 15 | F3: آماده | G3: F1_Course.html#/L02/1 | H3: نقشه کامل یادگیری از دوره‌های رایگان تا دوره‌های تخصصی و ترتیب پیشنهادی هر مسیر.
A4: L03 | B4: آشنایی با GeoAI و نقشه راه | C4: اکوسیستم ابزارها (+ اولین اسکریپت Earth Engine) | D4: ارائه HTML | E4: 12 | F4: آماده | G4: F1_Course.html#/L03/1 | H4: ابزارها و کتابخانه‌های اصلی GeoAI و اجرای اولین اسکریپت Google Earth Engine.
A5: L04 | B5: بازار کار و پروژه‌های واقعی | C5: بازار کار GeoAI: نقش‌ها، صنایع، کارفرمایان | D5: ارائه HTML | E5: 15 | F5: آماده | G5: F1_Course.html#/L04/1 | H5: نقش‌های شغلی، صنایع و کارفرمایانی که از GeoAI استفاده می‌کنند و مهارت‌های لازم برای هر نقش.
A6: L05 | B6: بازار کار و پروژه‌های واقعی | C6: نمونه پروژه‌های واقعی GeoAI (+ نمایش Dynamic World) | D6: ارائه HTML | E6: 15 | F6: آماده | G6: F1_Course.html#/L05/1 | H6: چند پروژه واقعی GeoAI و نمایش نقشه Dynamic World.
A7: L06 | B7: بازار کار و پروژه‌های واقعی | C7: مسیر شما: از امروز تا متخصص GeoAI | D7: ارائه HTML | E7: 12 | F7: آماده | G7: F1_Course.html#/L06/1 | H7: با توجه به هدف شغلی‌تان، مسیر یادگیری خود را از امروز تا متخصص شدن طراحی می‌کنید.
A8: L07 | B8: جمع‌بندی و اولین قدم | C8: جمع‌بندی دوره و اولین قدم عملی (+ اولین نقشه با Python) | D8: ارائه HTML | E8: 10 | F8: آماده | G8: F1_Course.html#/L07/1 | H8: جمع‌بندی دوره و اولین قدم عملی: ساخت اولین نقشه با Python.
A9: جمع | E9: =SUM(E2:E8)
